id,sequence,activity,partition
Sequence_0_Pos_test,KRWWKWWRR,1,3
Sequence_1_Pos_test,GKWSKILGKLIR,1,3
Sequence_2_Pos_test,SLSRYAKLANRLANPKLLETFLSKWIG,1,3
Sequence_3_Pos_test,GMASKAGSIVGKIAKIALGAL,1,3
Sequence_4_Pos_test,RRIRPRP,1,3
Sequence_6_Pos_test,GLLKWIKTLL,1,3
Sequence_8_Pos_test,KRKKWFW,1,3
Sequence_9_Pos_test,PRPFPGRPKPIFRPR,1,3
Sequence_10_Pos_test,TPFKISIH,1,3
Sequence_12_Pos_test,WRKFWKYLK,1,3
Sequence_13_Pos_test,RIKRFWPVVIRTVVAGYNLYR,1,3
Sequence_15_Pos_test,VKRFKKFFRKFKKSV,1,3
Sequence_17_Pos_test,RRGWVLALYLRYGRR,1,3
Sequence_18_Pos_test,CGETCVVLPCFIVPGCSCKSSVCYFN,1,3
Sequence_19_Pos_test,RKGLQKLVGRVHRLLRK,1,3
Sequence_21_Pos_test,LKGCWTKSIPPKPCFGF,1,3
Sequence_22_Pos_test,KQFRIRVRVIRK,1,3
Sequence_23_Pos_test,FLPPSPWKETFRTT,1,3
Sequence_24_Pos_test,VQLRIRVRVIRK,1,3
Sequence_25_Pos_test,VARGWKRKCPLFGKGG,1,3
Sequence_26_Pos_test,LNWGALLKHLLK,1,3
Sequence_31_Pos_test,GIMISLMKKLAAHIAK,1,3
Sequence_33_Pos_test,FLPMLAGLAANFLPKLFCKITKKC,1,3
Sequence_34_Pos_test,WWWLKKIW,1,3
Sequence_36_Pos_test,HRKKWFW,1,3
Sequence_39_Pos_test,KWCFRACYRGICYRRCR,1,3
Sequence_40_Pos_test,FKRLEKLFKKIWNWK,1,3
Sequence_41_Pos_test,RLWRIVVIRVAR,1,3
Sequence_43_Pos_test,KCRRLCYRQRCVTYCRGR,1,3
Sequence_44_Pos_test,FLSLIPKIATGIAALAKHL,1,3
Sequence_45_Pos_test,GKWKKILGKLIR,1,3
Sequence_47_Pos_test,WWVAARAARR,1,3
Sequence_48_Pos_test,KWKLFKKIPKFLH,1,3
Sequence_49_Pos_test,KLKNFAKGVAQSLLNKASCKLSGQC,1,3
Sequence_51_Pos_test,ILGPVLGLVGNALGGLLKNL,1,3
Sequence_52_Pos_test,VNWKKILAKIIKVVK,1,3
Sequence_54_Pos_test,GVFDIIKDAGRQLVAHAMGKIAEKV,1,3
Sequence_55_Pos_test,FWGKLLKLGMHGIGLLHQHLG,1,3
Sequence_57_Pos_test,FAPLIGRVLSGIL,1,3
Sequence_58_Pos_test,FLPFLAGLFGKIF,1,3
Sequence_59_Pos_test,FDLLGLVKKVASAL,1,3
Sequence_61_Pos_test,PRIKKIVQKKLAGDE,1,3
Sequence_62_Pos_test,GKVLDKFGKIVGKVLKQLKKVSAVAKV,1,3
Sequence_63_Pos_test,RNCTWLFSTKLKLPA,1,3
Sequence_65_Pos_test,FLPIVTNLLSGL,1,3
Sequence_68_Pos_test,GIMSSLMKKLKAHIAK,1,3
Sequence_70_Pos_test,ALWKTMLKKLGTMALHAGK,1,3
Sequence_71_Pos_test,FSIARLLKWWKG,1,3
Sequence_72_Pos_test,CFQWQRNMRKAR,1,3
Sequence_74_Pos_test,YKWKIRFKR,1,3
Sequence_75_Pos_test,SVLSTITDMAKAAGRAALNAITGLVNQ,1,3
Sequence_76_Pos_test,DYPWFN,1,3
Sequence_77_Pos_test,GNIPCGESCIFFPCFNPGCSCKDNLCYYN,1,3
Sequence_78_Pos_test,RCPGRTRQIGTIFGPRIKCRSW,1,3
Sequence_79_Pos_test,ELDRIGYGTARRKKR,1,3
Sequence_80_Pos_test,LALKSGGWLRLFGLKDKKH,1,3
Sequence_81_Pos_test,KWKLFKKIGIGKFLKKK,1,3
Sequence_82_Pos_test,KIKWFKTMKSLAKFLAKEQMKKHLGE,1,3
Sequence_83_Pos_test,GFFTLIKAANKLINKTVNKEAGKGGLEIMA,1,3
Sequence_85_Pos_test,AGRLTGNKGGLGGT,1,3
Sequence_86_Pos_test,GLLSKVLGVGKKVLCGVSGLVC,1,3
Sequence_87_Pos_test,DDPDKGGLKWKNDFFQEF,1,3
Sequence_88_Pos_test,WKLFKKILKYL,1,3
Sequence_89_Pos_test,SLLSLIRKLLT,1,3
Sequence_90_Pos_test,IIGLVSKGTCVLVKTVCKKVLKQ,1,3
Sequence_91_Pos_test,GIWDTIKSMGKVFAGAILQNL,1,3
Sequence_92_Pos_test,GLLGPLLKIAAKVGKNLL,1,3
Sequence_93_Pos_test,GLFSKFAGKGIKNFLNKGVKHIGKE,1,3
Sequence_96_Pos_test,KRGKQGGKVRAKAKTRSS,1,3
Sequence_98_Pos_test,WLRAFRRLVRRLARLLRR,1,3
Sequence_99_Pos_test,ILPILGNLLNGL,1,3
Sequence_100_Pos_test,GNGNLLGGLLRPVLGVVKGLTGGLGKK,1,3
Sequence_101_Pos_test,ALKGCWTKSIPPKPCFGK,1,3
Sequence_102_Pos_test,CVHGMTNTARTACIAP,1,3
Sequence_103_Pos_test,VSAVAKVAMKKGAALLKKMGVKISPLK,1,3
Sequence_104_Pos_test,ALWKNMLKGIGKLAG,1,3
Sequence_105_Pos_test,KKLKLALAKLALLWKALALKLKKA,1,3
Sequence_107_Pos_test,GLWSKIKEAAKTAGKMAMGFVNDMV,1,3
Sequence_108_Pos_test,KVLSKVHTLLKAVLAL,1,3
Sequence_110_Pos_test,INLKAITALAKKLL,1,3
Sequence_111_Pos_test,RAGLQFPVGRLLRRLLRRLLR,1,3
Sequence_113_Pos_test,GFGSLLGKALKIGTNL,1,3
Sequence_114_Pos_test,LHWLHHL,1,3
Sequence_116_Pos_test,GLNALKKVFQGIHEAIKKINNHVQ,1,3
Sequence_117_Pos_test,KQTENLADTY,1,3
Sequence_118_Pos_test,SLLSLLRKLIT,1,3
Sequence_121_Pos_test,VKRFKKFFRKLKKSVK,1,3
Sequence_122_Pos_test,VNWKKILPKIIKVVK,1,3
Sequence_124_Pos_test,SPGRPRPFPGRPKPIFRPR,1,3
Sequence_125_Pos_test,APFCLGYLSPKLKDMEPKPRG,1,3
Sequence_126_Pos_test,GVIDIIKGAGKDLIAHAIGKLAEKV,1,3
Sequence_127_Pos_test,SMGAVKLAKLLIDKMKCEVTKAC,1,3
Sequence_128_Pos_test,LLGPVLGLVSNVLGGLL,1,3
Sequence_129_Pos_test,AGRGKQGGKVRAKAKTRSS,1,3
Sequence_130_Pos_test,IFGAIWKGISSL,1,3
Sequence_131_Pos_test,GFKDLLKKAAKALVKTVLF,1,3
Sequence_132_Pos_test,AGLQFPVGRIGRLLRK,1,3
Sequence_134_Pos_test,FGTGVKRKAQCDLKSK,1,3
Sequence_136_Pos_test,CFAWQRAMRKVR,1,3
Sequence_137_Pos_test,LALRTAGWLRLLGFRDKKKN,1,3
Sequence_138_Pos_test,RWWKIWVIRWWR,1,3
Sequence_139_Pos_test,WWWLRKIW,1,3
Sequence_140_Pos_test,PRPLPFPRPG,1,3
Sequence_142_Pos_test,LVKRFKKFFRKLKKS,1,3
Sequence_143_Pos_test,WMLKKFRGMF,1,3
Sequence_145_Pos_test,KWFKKIPKFLHLAKKF,1,3
Sequence_146_Pos_test,WKLFKKILKVL,1,3
Sequence_147_Pos_test,CGETCVGGTCNTPGCTCSWPVCTRNGLPV,1,3
Sequence_149_Pos_test,VRLRIRVAVIRK,1,3
Sequence_150_Pos_test,GIGKFLHSAGKFGKAFIGEIMKS,1,3
Sequence_151_Pos_test,LLRRLLRRLLRRLLRR,1,3
Sequence_154_Pos_test,FFFHIIKGLFHAGRMIHGLV,1,3
Sequence_160_Pos_test,YKLLKLLLPKLKGLLIKL,1,3
Sequence_161_Pos_test,RIWKIWWKR,1,3
Sequence_162_Pos_test,RCYCRRRFCVCVGR,1,3
Sequence_163_Pos_test,TCGETCFGGTCNTPGCTCDPWPICTRDGLP,1,3
Sequence_165_Pos_test,FLPGLIKVAVGVGSTILCKITKKC,1,3
Sequence_166_Pos_test,HFLGKLVNLAKKIL,1,3
Sequence_168_Pos_test,GFREKHFQRFVKYAVPESTLR,1,3
Sequence_170_Pos_test,AKKVFKRLGIGAVLKVLTTG,1,3
Sequence_171_Pos_test,FVQWFSKFLLRIL,1,3
Sequence_172_Pos_test,GIVLKDLFSEKLRRYKIVIG,1,3
Sequence_174_Pos_test,RKFRWWVIR,1,3
Sequence_176_Pos_test,GLLSKFGRLARKLARVIPKV,1,3
Sequence_177_Pos_test,SIITMTKEAKLGQLWKQIACRLYNTC,1,3
Sequence_178_Pos_test,KEEQIGKSSTRGRKSSRRKK,1,3
Sequence_179_Pos_test,DVNDLKNLCAKTHNLLPMCAMFGKK,1,3
Sequence_180_Pos_test,RKRWWWWFR,1,3
Sequence_181_Pos_test,GSLHGFMYKYLKNMVLNLF,1,3
Sequence_182_Pos_test,VRVKVRVK,1,3
Sequence_183_Pos_test,GFKDWIKSAAKKLIKTVASNIANQ,1,3
Sequence_184_Pos_test,EQEENVVKIQAFWKGYKQRKEYM,1,3
Sequence_185_Pos_test,DDALKHLLKHLLKHL,1,3
Sequence_187_Pos_test,LNWGAALKHAAK,1,3
Sequence_188_Pos_test,FSEAIKKIIDFLGEGLFDIIKKIAESF,1,3
Sequence_189_Pos_test,FFPIVGKLLFGLSGL,1,3
Sequence_191_Pos_test,RRWQWRMKKLG,1,3
Sequence_192_Pos_test,CGGYSGGWHRLRSTSYRCG,1,3
Sequence_193_Pos_test,ILGKIWEGIKS,1,3
Sequence_194_Pos_test,LISWIKRKRQQGIGAVLKVLTTGL,1,3
Sequence_196_Pos_test,ADPRNPLEECFRETD,1,3
Sequence_197_Pos_test,FKRLKKLFKKIWNWK,1,3
Sequence_198_Pos_test,LLNSGVKLGTKLLSGLLN,1,3
Sequence_199_Pos_test,CFQWQRNMRKVR,1,3
Sequence_200_Pos_test,KLIFILSKTIPAIKNLFYKI,1,3
Sequence_202_Pos_test,GFCWYVCVYRNGVRVCYRRCN,1,3
Sequence_204_Pos_test,GFKDLLKGAAKALVKAVLF,1,3
Sequence_205_Pos_test,FLPIIAKLLGGL,1,3
Sequence_207_Pos_test,DDALRHLLRHLLRHL,1,3
Sequence_209_Pos_test,AKVTMTCSAS,1,3
Sequence_210_Pos_test,GMASKAGSVLGKITKIALGAL,1,3
Sequence_212_Pos_test,RGRKVVRRKK,1,3
Sequence_213_Pos_test,ALWKTLLKKVLKAAAKAALKAVLVGANA,1,3
Sequence_214_Pos_test,DNGEAGRAAR,1,3
Sequence_215_Pos_test,KKVVPKVKFK,1,3
Sequence_217_Pos_test,GCRRLCYKQRCVTYCRGPPR,1,3
Sequence_219_Pos_test,CLLKKLLKKC,1,3
Sequence_220_Pos_test,GLWNSIKIAGKKLFVNVLDKIRCKVAGGC,1,3
Sequence_221_Pos_test,KWRRWVRWL,1,3
Sequence_223_Pos_test,YPLPFIP,1,3
Sequence_224_Pos_test,RCLCRRGVC,1,3
Sequence_225_Pos_test,KKLALLALKKWLPALKKLALLALKK,1,3
Sequence_226_Pos_test,CVWIPCISAAIGCSCKSKVCYRN,1,3
Sequence_228_Pos_test,GLMDTVKNAAKNLAGQLLDTIKCKITGC,1,3
Sequence_229_Pos_test,ILGPVLGLVSNALGGLIKKI,1,3
Sequence_231_Pos_test,KGGGKWGGKGGK,1,3
Sequence_232_Pos_test,ADSRNPLEEEFRETNYEEF,1,3
Sequence_234_Pos_test,RRWWCC,1,3
Sequence_236_Pos_test,FSEAIKKIIDFLG,1,3
Sequence_241_Pos_test,GKKLLKKLKKLLKKW,1,3
Sequence_242_Pos_test,RGLRRLGRKIAHGVKKYGPTVKRIKRKA,1,3
Sequence_243_Pos_test,GLPVCGETCVTGSCYTPGCTCSWPVCTRN,1,3
Sequence_244_Pos_test,LLIILRRRIRKQAHAHSK,1,3
Sequence_245_Pos_test,KKYRYHLKPFSKK,1,3
Sequence_247_Pos_test,KLKLLLKLK,1,3
Sequence_248_Pos_test,LKLKDILGKIKVILSHLNK,1,3
Sequence_250_Pos_test,GVFTFEDESTSTVAPAKLYK,1,3
Sequence_251_Pos_test,RQWQSKIRR,1,3
Sequence_252_Pos_test,SLWETIKNAGKGFIQNILDKIR,1,3
Sequence_253_Pos_test,HKLGTLVNLAKKIL,1,3
Sequence_254_Pos_test,RRWWCV,1,3
Sequence_255_Pos_test,KILSSLLKKLKKIIAK,1,3
Sequence_257_Pos_test,CWTKSIPPKPC,1,3
Sequence_258_Pos_test,RVHRLLRRVHRLLRRVHRLLR,1,3
Sequence_260_Pos_test,GLPRKILAAIAKKK,1,3
Sequence_261_Pos_test,RRWWCS,1,3
Sequence_262_Pos_test,ELDRICGYGTARRKKCR,1,3
Sequence_263_Pos_test,FLSLIPKLVKKIIKAFK,1,3
Sequence_264_Pos_test,FLRSLLRGAKAIYRGARAGWRG,1,3
Sequence_265_Pos_test,RIKRFWPVVIRTVVAGYNLYRA,1,3
Sequence_267_Pos_test,KWKLFKKILKFLHLAKKF,1,3
Sequence_275_Pos_test,AFQWQRNMRKVR,1,3
Sequence_277_Pos_test,GTPCAESCVYLPCFTGVIGCTCKDKVCYLN,1,3
Sequence_279_Pos_test,NWRKLYRRK,1,3
Sequence_280_Pos_test,LRLKSIVSYAKKVL,1,3
Sequence_282_Pos_test,GIACGESCAYFGCWIPGCSCRNKVCYFN,1,3
Sequence_283_Pos_test,GLWDTIKQAGKKIFLSVLDKIRCKVAGGG,1,3
Sequence_284_Pos_test,KWWWRW,1,3
Sequence_285_Pos_test,RLARIVKIRVAR,1,3
Sequence_286_Pos_test,GFGSFLGSLFKTGLKIIPKLLPSIQQ,1,3
Sequence_287_Pos_test,ALWKDILKNLLKAALNEINQIVQ,1,3
Sequence_289_Pos_test,KRSQEYRIGRCPNTYACLKR,1,3
Sequence_290_Pos_test,GKVKIGINGFGRIGRLVA,1,3
Sequence_291_Pos_test,RCICTRGFC,1,3
Sequence_292_Pos_test,VKLYPVKLYP,1,3
Sequence_294_Pos_test,GGHGGHGGHGGHGGHGGH,1,3
Sequence_295_Pos_test,RCLPAGKTCVRGPMRVPCCGSCSQNKCT,1,3
Sequence_296_Pos_test,SCVFIPCISAAIGCSCKNKVCYRNGFPCGE,1,3
Sequence_297_Pos_test,RRWWCI,1,3
Sequence_298_Pos_test,MLLKKLLKKLLKKM,1,3
Sequence_299_Pos_test,RWRWWWRVY,1,3
Sequence_300_Pos_test,GIWKTIKSMGKVFAGKIKQNL,1,3
Sequence_301_Pos_test,GTPCGESCVYIPCFTAVVGCTCKDKVCYLN,1,3
Sequence_303_Pos_test,KKKVVFKVKFK,1,3
Sequence_304_Pos_test,ALWKSLLKNVGVAAGKAALNAVTDMVNQ,1,3
Sequence_307_Pos_test,GLLGPLLKIAAKVGSKLL,1,3
Sequence_308_Pos_test,YKLLKWLLLKLKALLEKL,1,3
Sequence_310_Pos_test,CYCRIPACIAGERRYATCIYQGRLWAFCC,1,3
Sequence_311_Pos_test,KWCFCVCYRGICRCRCRG,1,3
Sequence_313_Pos_test,FAKKLAKLAKKLAKLAL,1,3
Sequence_314_Pos_test,GLNALKKVFQKIHEAIKKINNHVQ,1,3
Sequence_315_Pos_test,LNWGAWLKHWWK,1,3
Sequence_317_Pos_test,FLPIPRPILLGLL,1,3
Sequence_319_Pos_test,ENMFNIKSSVESDSFWG,1,3
Sequence_321_Pos_test,GEKLKKIGQKIKNFFQKL,1,3
Sequence_322_Pos_test,IWSFLIKAATKLLGVGSLFGGGKKDS,1,3
Sequence_323_Pos_test,KRKLTLVFGVMAGVIGTKKR,1,3
Sequence_324_Pos_test,RLWLAIKRR,1,3
Sequence_325_Pos_test,RLKKIGKVLKWI,1,3
Sequence_328_Pos_test,VIPFVASVAAEMMQHVYCAASKRC,1,3
Sequence_330_Pos_test,KWKKLLKKPLLKKLLKKL,1,3
Sequence_331_Pos_test,FIGAIAAALPHVINAIKNTF,1,3
Sequence_332_Pos_test,LKKLLKKLLKKL,1,3
Sequence_334_Pos_test,FFSMIPKIATGIASLVKDL,1,3
Sequence_336_Pos_test,GLLKKIKTLL,1,3
Sequence_338_Pos_test,GIGKFLHSAGKFGKAFLGEVMKS,1,3
Sequence_339_Pos_test,FLPGLIKAAVGIGSTIFCKISKKC,1,3
Sequence_342_Pos_test,AVNIPFKVHLRCFAAFC,1,3
Sequence_343_Pos_test,GFMDTAKNVFKNVAVTLLDKLKCKIAGGC,1,3
Sequence_344_Pos_test,RGRKSSRRK,1,3
Sequence_345_Pos_test,KWCFRVSYRGIAYRRCR,1,3
Sequence_347_Pos_test,LLKKLLKKLLKKC,1,3
Sequence_351_Pos_test,KYYSRVRGGRSAVLSSLPK,1,3
Sequence_352_Pos_test,KRRWRIWLV,1,3
Sequence_353_Pos_test,ASEELLLRFQATSSGPILREEFE,1,3
Sequence_354_Pos_test,FLSMIPHIAGGIASLVKNL,1,3
Sequence_355_Pos_test,LKFLKFG,1,3
Sequence_356_Pos_test,SCLPKEEQIGKSTRGRKCRRKR,1,3
Sequence_357_Pos_test,SMLSVLKNLKKVKLKFVACKINKQC,1,3
Sequence_358_Pos_test,AKKVFKRLEKLFSKIQN,1,3
Sequence_361_Pos_test,FYPFG,1,3
Sequence_362_Pos_test,FFHHIFRGIVHVGRTIHRLVTGG,1,3
Sequence_363_Pos_test,DLWNSIKDMAAAAGRAALNAVTGMVNQ,1,3
Sequence_364_Pos_test,GYPWWDYRDLFGGHTFISP,1,3
Sequence_368_Pos_test,GMASLWAKVLPHVVKLIK,1,3
Sequence_369_Pos_test,FFIYVWRRR,1,3
Sequence_370_Pos_test,IKKIVSKIKKLLK,1,3
Sequence_371_Pos_test,GAPKGCWTKSYPPKPCK,1,3
Sequence_372_Pos_test,LHRLVKLVAALLRGYASKVDTH,1,3
Sequence_373_Pos_test,FLPLIGRVLSGAL,1,3
Sequence_374_Pos_test,FLFSLIPSAIAGLVSAIRN,1,3
Sequence_375_Pos_test,INPKSVQSLL,1,3
Sequence_376_Pos_test,RAGLQFPVGKLLKKLLKRLKR,1,3
Sequence_377_Pos_test,FLPLLLSALPSFLCLVFKKC,1,3
Sequence_378_Pos_test,DEDLDE,1,3
Sequence_380_Pos_test,RLEKLFSKIQNDK,1,3
Sequence_381_Pos_test,KLKKKLKKLLKK,1,3
Sequence_382_Pos_test,AFTRCRRSYSTEYSYGTCTV,1,3
Sequence_384_Pos_test,FLPIIAGMAAKVIPSLFCAITKKC,1,3
Sequence_385_Pos_test,GMATKAGTALGKVAKAVIGAA,1,3
Sequence_387_Pos_test,VPIIYCNRRTGKCQRM,1,3
Sequence_388_Pos_test,KKKKKKKKK,1,3
Sequence_389_Pos_test,DNVYSRPPQRFGQNVIS,1,3
Sequence_391_Pos_test,KVLKAAAKAALNAVLVGANA,1,3
Sequence_392_Pos_test,FAKLLAKALKKLL,1,3
Sequence_393_Pos_test,LLWIALRKK,1,3
Sequence_394_Pos_test,CFQWQRNMRKVA,1,3
Sequence_396_Pos_test,RRIIRKIIHIIK,1,3
Sequence_397_Pos_test,KLFKRIVKRILKFLRKLV,1,3
Sequence_399_Pos_test,GVLSVIKNALPGIMRFIA,1,3
Sequence_400_Pos_test,FVDLKKIANIINSIF,1,3
Sequence_401_Pos_test,KWCFRVCYAGICYRRCR,1,3
Sequence_402_Pos_test,CGYKYGCMVKVDR,1,3
Sequence_403_Pos_test,RAGLQFPVGRVHRLLRK,1,3
Sequence_405_Pos_test,LLDKLKRTLLSIEAVLI,1,3
Sequence_406_Pos_test,GKLFKKILKIL,1,3
Sequence_407_Pos_test,GIGSILGVIAKGLPTLISWIKNR,1,3
Sequence_408_Pos_test,RGLRRLGRKIAHGVKKYGATVLRIIRIA,1,3
Sequence_409_Pos_test,INWKGIAAMAKKL,1,3
Sequence_410_Pos_test,FIGGLRRLFATVVGTVVCAINKLGGG,1,3
Sequence_411_Pos_test,FPFSLIPHAIGGLISAIK,1,3
Sequence_412_Pos_test,CGESCVWIPCISSAVGCSCKNKVCYKNGTP,1,3
Sequence_413_Pos_test,FALKALKKLKKALKKAL,1,3
Sequence_414_Pos_test,RLLKFIKKLL,1,3
Sequence_415_Pos_test,RLLRRLLRRLLRRLLRRLLR,1,3
Sequence_416_Pos_test,GIGGALLSAGKAALKGLAKGLAEHFAN,1,3
Sequence_417_Pos_test,IKRLNSWLRK,1,3
Sequence_419_Pos_test,GLFKGKKKNKKTK,1,3
Sequence_420_Pos_test,VKYPKLYP,1,3
Sequence_421_Pos_test,ALNALKKVSQGIHEAIKLIANHVQ,1,3
Sequence_422_Pos_test,LIKVVNHVQYNVTLHWHGIR,1,3
Sequence_425_Pos_test,GLVSGLLNTAGGLLGDLLGSLGSLSGGES,1,3
Sequence_426_Pos_test,RLKLLLLLRLK,1,3
Sequence_427_Pos_test,SGYLPGKEYVYKYKGKVF,1,3
Sequence_428_Pos_test,SVFAFQDESTSTIAQARLFI,1,3
Sequence_429_Pos_test,FKKALHLFKPIKKFLKWK,1,3
Sequence_430_Pos_test,GFKDLLKGAKKALVKTVLF,1,3
Sequence_431_Pos_test,PFSLIPHAIGGLISAIK,1,3
Sequence_433_Pos_test,INWKGIAAMKKLL,1,3
Sequence_435_Pos_test,RRWWCH,1,3
Sequence_438_Pos_test,CSGIIKQTCTCYRK,1,3
Sequence_439_Pos_test,WCRRLCYKQRCVTYCRGR,1,3
Sequence_441_Pos_test,ILGIITSLLKSL,1,3
Sequence_442_Pos_test,FVRWFSKFLGRIL,1,3
Sequence_444_Pos_test,GVVDILKGAAKDIAGHLASKVM,1,3
Sequence_445_Pos_test,GRLQAFLAKMKEIAAQT,1,3
Sequence_446_Pos_test,KRRLIARILRLAARALVKKR,1,3
Sequence_447_Pos_test,GSNIEVMLGLPNSDVK,1,3
Sequence_449_Pos_test,GSKKPVPIIYCNRRTGKCQ,1,3
Sequence_450_Pos_test,LKGCWTKSIPPKPCFGK,1,3
Sequence_451_Pos_test,FLGELWNVAKSVF,1,3
Sequence_453_Pos_test,NILSSIANGINRALSFFG,1,3
Sequence_454_Pos_test,ILGPVLGLVSNALGGLLKNL,1,3
Sequence_455_Pos_test,ACYCRIPACLAGERRYGTCFYLRRVWAFCC,1,3
Sequence_456_Pos_test,KRNGFRKFMRRLKKFFAGGGSSIAHIKLH,1,3
Sequence_457_Pos_test,MKLVKTWLKVLK,1,3
Sequence_458_Pos_test,FVVKKKKKVF,1,3
Sequence_459_Pos_test,WLNALKKVWQGIHEAIKLIWNWVQ,1,3
Sequence_460_Pos_test,KLLKQWPIGKLLKKLLKKLLK,1,3
Sequence_461_Pos_test,GIINTLQKYYSRVRGGR,1,3
Sequence_462_Pos_test,SRSEKAGLQFPVGRIGRMLKK,1,3
Sequence_464_Pos_test,AKAWGIPPHVIPQIVPVRIRPLGGNV,1,3
Sequence_465_Pos_test,RSLCLLHCRLK,1,3
Sequence_466_Pos_test,IKKIVSKIKKVLK,1,3
Sequence_467_Pos_test,RAGLQFPVGGIGKFLHSAKKFGK,1,3
Sequence_469_Pos_test,FKCWRWQWRWKKLGAKVFKRLEKLFSKI,1,3
Sequence_471_Pos_test,KWKLFKKIEKVGQGIGAVLKVLTTGL,1,3
Sequence_473_Pos_test,KWCARVCARGACYRRCR,1,3
Sequence_474_Pos_test,ILGKLLSTAAKLLSNL,1,3
Sequence_476_Pos_test,WFWKWWRRRRR,1,3
Sequence_477_Pos_test,FLSLIPKIAGGIAALAKHL,1,3
Sequence_479_Pos_test,AINPKSVQSLL,1,3
Sequence_482_Pos_test,CFQWQRLMRKVR,1,3
Sequence_485_Pos_test,VAKKLAKLAKKLAKLALAL,1,3
Sequence_486_Pos_test,GVIKSVLKGVAKTVALGM,1,3
Sequence_487_Pos_test,GTKRGKLCRISRLAL,1,3
Sequence_488_Pos_test,FFGWLIKPAIHAGKAIHGLIHRRRH,1,3
Sequence_489_Pos_test,GIGKFLHAAKKFAKAFVAEIMNS,1,3
Sequence_490_Pos_test,DDFLCAGGC,1,3
Sequence_491_Pos_test,RGLRRLGRKIAHGVKKYG,1,3
Sequence_492_Pos_test,GLPRKILAAIAKKKGKCKGPLKLVAKC,1,3
Sequence_493_Pos_test,GLLKKIKKLL,1,3
Sequence_494_Pos_test,APRIKKIVQKKLAGD,1,3
Sequence_496_Pos_test,RRRIKIRWY,1,3
Sequence_497_Pos_test,EMLKKKKEVKMERKT,1,3
Sequence_498_Pos_test,FLSLLPSLVSGAVSLVKIL,1,3
Sequence_499_Pos_test,FLGAVLKVCKISKKCAGKLVPAAI,1,3
Sequence_501_Pos_test,ALWKKILKNAGKAALNKINQIVQ,1,3
Sequence_503_Pos_test,DSHAKRHHGTKRKFHEKHHSHRGT,1,3
Sequence_505_Pos_test,GIMSSLMKKLAKIIAK,1,3
Sequence_506_Pos_test,GFKEVLKAGLGSLVKGIPAHVAN,1,3
Sequence_507_Pos_test,CGESCVWIPCTITALAGCKCKSKVCYNSIP,1,3
Sequence_508_Pos_test,LKGCWTKSIPPKPCF,1,3
Sequence_509_Pos_test,VFLGNIVSMGKKI,1,3
Sequence_510_Pos_test,RIKRFWPVVIRTVVAGYNLYRAIK,1,3
Sequence_511_Pos_test,GFLNTAMNTVTNLAGTLMDKAKCKIRGC,1,3
Sequence_513_Pos_test,HFLKTLVNLAKKIL,1,3
Sequence_515_Pos_test,AMRLTGNKPCLYGT,1,3
Sequence_516_Pos_test,YCNRRTGKCQRM,1,3
Sequence_517_Pos_test,KKVVFKVKFH,1,3
Sequence_519_Pos_test,GAKLAKKQVRALGKFFSF,1,3
Sequence_520_Pos_test,KKVVFWVKFK,1,3
Sequence_522_Pos_test,KIFGAIWPLALGALKNLIK,1,3
Sequence_523_Pos_test,VKKLVYPLKVKLYP,1,3
Sequence_524_Pos_test,IFGSLFSLGSKLLPTVFKLFSRKKQ,1,3
Sequence_525_Pos_test,FFSTSCRSGC,1,3
Sequence_526_Pos_test,MPKRKAEGDAKGDKAKV,1,3
Sequence_527_Pos_test,KRWWKWIRW,1,3
Sequence_528_Pos_test,ELLVDLL,1,3
Sequence_530_Pos_test,AKRLKKLFKKIWNWK,1,3
Sequence_531_Pos_test,FKRLEKLF,1,3
Sequence_533_Pos_test,AKLKAYPLKAKLYP,1,3
Sequence_534_Pos_test,GICRCLCRRGVCRCICV,1,3
Sequence_535_Pos_test,FLPFLIPALTSLISS,1,3
Sequence_536_Pos_test,FKTWKNRPILSSCSGIIKG,1,3
Sequence_537_Pos_test,ILPWKWPAAPARR,1,3
Sequence_538_Pos_test,GKWKKILGHLIR,1,3
Sequence_539_Pos_test,LRKKWFW,1,3
Sequence_542_Pos_test,GIMSSLMKKLAKHIAK,1,3
Sequence_544_Pos_test,FFGHLFRGIINVGKHIHGLLSG,1,3
Sequence_546_Pos_test,EPILGIITSLLKSL,1,3
Sequence_548_Pos_test,ALPLIGRVLSGIL,1,3
Sequence_549_Pos_test,FFRRFFRRFFRR,1,3
Sequence_550_Pos_test,KKLAKALKLLAPLWLKLAKALKKA,1,3
Sequence_551_Pos_test,WLNALKKVFQGIHEAIKLIWNHVQ,1,3
Sequence_552_Pos_test,FLPIVAKLLSGLL,1,3
Sequence_553_Pos_test,LKLKSILGKLGVILSHLNK,1,3
Sequence_554_Pos_test,KRRLAAFRAFRGALKSVLKK,1,3
Sequence_556_Pos_test,WKKIPKFLHLAKKF,1,3
Sequence_557_Pos_test,RRWWCR,1,3
Sequence_558_Pos_test,ALWKNMLKGIGK,1,3
Sequence_559_Pos_test,DVNDLKNLCAKTHNLLPMCAMF,1,3
Sequence_560_Pos_test,GLLKKIKWLL,1,3
Sequence_561_Pos_test,RIKRWWWWR,1,3
Sequence_563_Pos_test,ACPIFTKIQGTYRGKAKRIGRRIC,1,3
Sequence_564_Pos_test,AFFARLLASVRAAVKAFAKKPRLIGLSTLL,1,3
Sequence_566_Pos_test,KKVVFKVKFKKK,1,3
Sequence_567_Pos_test,GILDAIKAFANALG,1,3
Sequence_568_Pos_test,WPSPGRPRPFPGRPKPIFRPR,1,3
Sequence_572_Pos_test,SMLSVLRNLGKVGLGFVACKINKQC,1,3
Sequence_573_Pos_test,VARGWGNGCGLFGKGG,1,3
Sequence_574_Pos_test,SSMKLSFRARAYGFRGPGLQL,1,3
Sequence_575_Pos_test,RWCFRVCYRGICYRRCR,1,3
Sequence_577_Pos_test,GRPRPFPGRPKPIFRPR,1,3
Sequence_578_Pos_test,VKWRWKKWRWKWKWKV,1,3
Sequence_579_Pos_test,GFMKYIGPLIPHAVKAIKKLI,1,3
Sequence_580_Pos_test,AWCFRVCYRGACYRRCR,1,3
Sequence_581_Pos_test,KYKKALKKLAKLL,1,3
Sequence_582_Pos_test,FFGWLIKGAIHAPKAIHPLIHRRRH,1,3
Sequence_583_Pos_test,FPVTWPTKWWKS,1,3
Sequence_584_Pos_test,FKARRWQWRM,1,3
Sequence_585_Pos_test,KKVIIEYVKIEA,1,3
Sequence_586_Pos_test,FLPLIGRVLSAIL,1,3
Sequence_587_Pos_test,FFFHIVKGLFHAGRMIHGLV,1,3
Sequence_588_Pos_test,VLLVTLTRLHQRGVIYRKWRHFSGRKYR,1,3
Sequence_589_Pos_test,GIWDTIKSMGKVFAGKIKQNL,1,3
Sequence_590_Pos_test,FPFFNQYVKL,1,3
Sequence_592_Pos_test,FLSHIAGFLSNLFGK,1,3
Sequence_593_Pos_test,ELRCMCIKTTSGIHP,1,3
Sequence_594_Pos_test,ILGPVLGLVSNALGGLLKNI,1,3
Sequence_595_Pos_test,RRRRSQSPRRRRS,1,3
Sequence_597_Pos_test,FLKGCWTKWYSLKPKCPF,1,3
Sequence_598_Pos_test,SCLPKEEQIGKSTRGRKCRRKK,1,3
Sequence_599_Pos_test,FGSLFSLGSKLLPSVFKLFSRKKQ,1,3
Sequence_601_Pos_test,VIVKAIATLASKLL,1,3
Sequence_602_Pos_test,FFYNVIKIYGNMAGRISK,1,3
Sequence_604_Pos_test,LVKKLLKLAMGFG,1,3
Sequence_605_Pos_test,WLWKAIWKLLK,1,3
Sequence_606_Pos_test,GKKLLKKLKKLLKKG,1,3
Sequence_607_Pos_test,VDDDDK,1,3
Sequence_608_Pos_test,KCRRWQWRMKKLGAPSITCV,1,3
Sequence_610_Pos_test,FLPLLAGLAANFLPTIICKIARKC,1,3
Sequence_611_Pos_test,RIWVIWRR,1,3
Sequence_612_Pos_test,KLVKRFKKFFRKLKKS,1,3
Sequence_613_Pos_test,FLGGILNTITGL,1,3
Sequence_614_Pos_test,ALWKDLLKNVGKAAGKAVLNKVTDMVNQ,1,3
Sequence_615_Pos_test,FKIKPGKVLDKFGKIVGKVLKQLKKVS,1,3
Sequence_616_Pos_test,LKWGAILKHIIK,1,3
Sequence_617_Pos_test,KWWKIWRWR,1,3
Sequence_618_Pos_test,AKKVFKRLGIGAVLKVLKKG,1,3
Sequence_619_Pos_test,AAKIILNPKFRCFAAFC,1,3
Sequence_620_Pos_test,KWKSFIKKLTKAAKKVVTTAKKPLIV,1,3
Sequence_622_Pos_test,RRWWCE,1,3
Sequence_623_Pos_test,WKLLSKAQEK,1,3
Sequence_626_Pos_test,GIMSSLMKKLKKHIAK,1,3
Sequence_628_Pos_test,ALWKEVLKNAGKAALNEINNLV,1,3
Sequence_630_Pos_test,ILPILSLIGGLL,1,3
Sequence_631_Pos_test,VKRFKKFFRKLKKS,1,3
Sequence_632_Pos_test,RRIRPRPPRLPRPRPRPLPFPRPG,1,3
Sequence_633_Pos_test,KLWKKWKKWLK,1,3
Sequence_634_Pos_test,ALLKLAPRLLAGIF,1,3
Sequence_635_Pos_test,KPVPIIYCNRRTGKCQRM,1,3
Sequence_636_Pos_test,RLYRRLYRK,1,3
Sequence_637_Pos_test,AFTHRRSYSTEYRYGTTVRGIRHRFL,1,3
Sequence_638_Pos_test,DIFGAIWPLALGALKNLIK,1,3
Sequence_640_Pos_test,CFQWLRNMRKVR,1,3
Sequence_642_Pos_test,LKGCWTKSIPPKPCFGG,1,3
Sequence_643_Pos_test,YPVKLKVYPLKVKL,1,3
Sequence_644_Pos_test,ILPAKAPAAPARR,1,3
Sequence_646_Pos_test,MAARAARLAARLARLALRAL,1,3
Sequence_649_Pos_test,GLFKVLGSVAKHLLPHVVPVIAEKL,1,3
Sequence_650_Pos_test,FLALIGRVLSGIL,1,3
Sequence_651_Pos_test,ATAWNLGPHGLRPIRPIRIRPLCGKDKS,1,3
Sequence_652_Pos_test,GVVDILKGAAKDIAGHLASKVMNK,1,3
Sequence_653_Pos_test,WFKMRWWGR,1,3
Sequence_654_Pos_test,FFPSIAGLAAKFLPKIFCSITKRC,1,3
Sequence_658_Pos_test,RRKKWFW,1,3
Sequence_659_Pos_test,GLLSGILGAGKRIVCGLSGLC,1,3
Sequence_660_Pos_test,FPLTWPTKWWKG,1,3
Sequence_664_Pos_test,CGESCVYIPCLTSAVGCSCKSKVCYRNGIP,1,3
Sequence_665_Pos_test,ILGKLLSTAAGLLKNL,1,3
Sequence_671_Pos_test,GLVGTLLGHIGKAILS,1,3
Sequence_673_Pos_test,KWKKKKKKPKFL,1,3
Sequence_675_Pos_test,FRRFFKWPRRPFKFF,1,3
Sequence_678_Pos_test,CGETCVGGTCNTPGCGCSWPVCTRNGLPV,1,3
Sequence_680_Pos_test,LNLKGLFKKVASLLT,1,3
Sequence_682_Pos_test,GFWGKLLEGVKKAI,1,3
Sequence_683_Pos_test,KQLKKVSAVAKVAMKKGAALLKKMGVK,1,3
Sequence_684_Pos_test,YPLKVKYPKLKV,1,3
Sequence_685_Pos_test,HFLGTLKNLAKKIL,1,3
Sequence_689_Pos_test,GVLSVIKNALPGIMRF,1,3
Sequence_690_Pos_test,RKWVWWRNR,1,3
Sequence_696_Pos_test,IKQVKKLFKK,1,3
Sequence_698_Pos_test,GLKALKKVFQGIHKAIKLINNHVQ,1,3
Sequence_699_Pos_test,LLKALKKLLKKLL,1,3
Sequence_700_Pos_test,GFKKLLKGAAKALVKTVLF,1,3
Sequence_701_Pos_test,ALWKTMLKKLGTM,1,3
Sequence_702_Pos_test,INWKGIAAMKKL,1,3
Sequence_705_Pos_test,YPCKLNLKLGKVPFH,1,3
Sequence_706_Pos_test,ILPWKWPWWPARR,1,3
Sequence_709_Pos_test,FLSMIPHIVSGVAALAKHL,1,3
Sequence_710_Pos_test,GIFGKILGVGKKVLCGLSGVC,1,3
Sequence_712_Pos_test,AVIPPLRCKAAFC,1,3
Sequence_713_Pos_test,ANFLPKIFCKITRKC,1,3
Sequence_714_Pos_test,GFCRCLCRRGVCRCICTK,1,3
Sequence_716_Pos_test,GPIRRPKPRPRPRPE,1,3
Sequence_717_Pos_test,VALRLAKEVIKVQQGW,1,3
Sequence_719_Pos_test,VKLKVYPKLKVKLYP,1,3
Sequence_721_Pos_test,KWAFRVCYRGICYRRSR,1,3
Sequence_723_Pos_test,ALWKTMLKKLGTMAL,1,3
Sequence_724_Pos_test,GLLGKLLKIAAKVGKKLL,1,3
Sequence_725_Pos_test,FLPVIAGVLSKLF,1,3
Sequence_728_Pos_test,GIMDTIKGAAKDLAGQLLDKLKCKITKC,1,3
Sequence_729_Pos_test,WIKRLNSWLRK,1,3
Sequence_732_Pos_test,KKLALALAKKWLPLAKKLALALAKK,1,3
Sequence_733_Pos_test,CGESCVYIPCTVTALLGCSCKDKVCYKN,1,3
Sequence_734_Pos_test,GFMDTAKNVAKNVAVTLLDNLKCKITKAC,1,3
Sequence_735_Pos_test,KLLKKPLKLKL,1,3
Sequence_736_Pos_test,NIRRIIRKIIHIIKKY,1,3
Sequence_737_Pos_test,GIWSSLLKKLKKIIAK,1,3
Sequence_738_Pos_test,LLPIVGNLLKSL,1,3
Sequence_739_Pos_test,GLGSLLGKAFKFGLKTVGKMMGGAPREQ,1,3
Sequence_740_Pos_test,RWKRWWRWI,1,3
Sequence_742_Pos_test,GLPVCGETCFGGTCNTPGCSCTDPICTRD,1,3
Sequence_743_Pos_test,SYKKIDCGGACAARC,1,3
Sequence_745_Pos_test,ALWMTLLKKVLKAAAKAALNAVLVGANA,1,3
Sequence_747_Pos_test,CVHGGTNTARTACIAG,1,3
Sequence_751_Pos_test,RLARIVVIRVRR,1,3
Sequence_752_Pos_test,CGGWKRKRC,1,3
Sequence_753_Pos_test,KMDSRWRWKSSKK,1,3
Sequence_754_Pos_test,IKLSPKTKDNLKKVLKGAIKGAIAVAKMV,1,3
Sequence_757_Pos_test,IVNHLVKLFDKGLNSIVNLR,1,3
Sequence_758_Pos_test,GLMDTVKNAAKNLAGQMLDKLKCKITGSC,1,3
Sequence_760_Pos_test,RWRWRWRWRW,1,3
Sequence_762_Pos_test,KKLIKKILKIL,1,3
Sequence_763_Pos_test,CVWIPCISGIAGCSCKNKVCYLN,1,3
Sequence_764_Pos_test,LLGPVLGLVSNALGGLLKNI,1,3
Sequence_765_Pos_test,KFFKKLKKAVKKGFKKFAKV,1,3
Sequence_766_Pos_test,HFLGTLVNLKKKIL,1,3
Sequence_767_Pos_test,VKRWKKFWRKWKKWW,1,3
Sequence_769_Pos_test,GCRFTVKPYIKRIQLHYKGKMWCG,1,3
Sequence_770_Pos_test,FRLMLRLLRW,1,3
Sequence_771_Pos_test,FSFLSRIF,1,3
Sequence_773_Pos_test,LVKRFKKFFRKLKKSVKK,1,3
Sequence_774_Pos_test,RLYRRLYR,1,3
Sequence_775_Pos_test,AKRLKKLAKKIWKWL,1,3
Sequence_776_Pos_test,GLPICGETCVGGTCNTPGCTCSWPVCTRN,1,3
Sequence_777_Pos_test,ILPSKLCRLLGNC,1,3
Sequence_778_Pos_test,SMLSVLKNLGKVGLGFVAAKIAKQA,1,3
Sequence_779_Pos_test,DLRGACAAAHAL,1,3
Sequence_780_Pos_test,FLPLIGRVLSGIA,1,3
Sequence_781_Pos_test,ALAHFLKKAIKK,1,3
Sequence_783_Pos_test,VKLIQIRIWIQYVTVLQMFSMKTKQ,1,3
Sequence_784_Pos_test,YRWARWWRR,1,3
Sequence_785_Pos_test,VRLRIRVAVRRA,1,3
Sequence_787_Pos_test,RIKRFWPVVIR,1,3
Sequence_788_Pos_test,AKAKAYPAKAKAYP,1,3
Sequence_791_Pos_test,LVKRFKKFFRKLKKSV,1,3
Sequence_792_Pos_test,FLGLLPSIVSGAVSLVKKL,1,3
Sequence_793_Pos_test,GLLSGILNSAGGLLGNLIGSLSN,1,3
Sequence_795_Pos_test,GFCWNVCVYRNGVRVCHRRCN,1,3
Sequence_796_Pos_test,GLVPCGETCFTGKCYTPGCSCSYPICKKN,1,3
Sequence_797_Pos_test,LCAIAKKKGKCKGPLKLVCKC,1,3
Sequence_798_Pos_test,GLQFPVGRVHRLLRK,1,3
Sequence_800_Pos_test,RTVVAGYNLYRAIKKK,1,3
Sequence_802_Pos_test,FFLLPIPNDVKCKVLGICKS,1,3
Sequence_803_Pos_test,NVLKKLNRLKEKNKAKNSKENN,1,3
Sequence_805_Pos_test,KWKLFKKIPKFLHL,1,3
Sequence_806_Pos_test,IRIKIRIKIRIK,1,3
Sequence_809_Pos_test,ICGETCVGGTCNTPGCSCSWPVCTRNGLP,1,3
Sequence_810_Pos_test,RIIRKIIHIIK,1,3
Sequence_811_Pos_test,GIGAVLKVLTTGLKWKLFKKIEKVGQ,1,3
Sequence_812_Pos_test,ANRLLEAYKMLLKFLGNLR,1,3
Sequence_813_Pos_test,LLGMIKVAITAISALSKL,1,3
Sequence_815_Pos_test,KYPKYP,1,3
Sequence_816_Pos_test,TLLKKVLKAAAK,1,3
Sequence_817_Pos_test,CGGYCGGWHRLRCTSYRCG,1,3
Sequence_818_Pos_test,KRFRIRVRVIRK,1,3
Sequence_819_Pos_test,KRWWRKWWR,1,3
Sequence_820_Pos_test,CNGKRVCVCR,1,3
Sequence_821_Pos_test,KQSHKKGGHSFPKEKIS,1,3
Sequence_822_Pos_test,GVVKVSRLKGESLRARL,1,3
Sequence_823_Pos_test,NLLNDALGTVNGLLGRS,1,3
Sequence_825_Pos_test,ADDKNPLEECFCEDDDYCEG,1,3
Sequence_826_Pos_test,FIKELLPHLSGIIDSVANAIK,1,3
Sequence_827_Pos_test,GIMDTVKNAAKNLAGQLLDKLKCKITAC,1,3
Sequence_828_Pos_test,RGLRALGRKIAHGVKAYG,1,3
Sequence_830_Pos_test,WLNALKKVFQGIHEAIKLINNHVQ,1,3
Sequence_832_Pos_test,KKLALAPKKLALLWKKLALALKKA,1,3
Sequence_833_Pos_test,GKILKYLLYLLRKYANLIIR,1,3
Sequence_836_Pos_test,RLLRKFFRKLKKSV,1,3
Sequence_840_Pos_test,GIMSSLMKKLKKIIKK,1,3
Sequence_841_Pos_test,SGRGKQGGKVRAKAKTRSS,1,3
Sequence_842_Pos_test,RCPGHTRQIGTSFGPRVKSCRKW,1,3
Sequence_843_Pos_test,KWCFRVCYRGGCYRRCR,1,3
Sequence_845_Pos_test,FVQWFSRFLGRIL,1,3
Sequence_846_Pos_test,GIGTKIIGGLKTAVKGALKELASTYVN,1,3
Sequence_849_Pos_test,DTGPIRRPKPRPRPRPE,1,3
Sequence_850_Pos_test,SIITMTREAKLPQLWKQIACRLYNTC,1,3
Sequence_851_Pos_test,KTCENLADDY,1,3
Sequence_852_Pos_test,CGETCVILPCISAALGCSCKDTVCYKN,1,3
Sequence_853_Pos_test,FLFKLIPKAIKGLIKAFK,1,3
Sequence_856_Pos_test,LNWGAILKKIIK,1,3
Sequence_857_Pos_test,TWLPAVIKIQAHWRGYRQRKIYL,1,3
Sequence_859_Pos_test,RLRRIVVIRVAR,1,3
Sequence_860_Pos_test,GIGGALLSAGKSALKGLAKGLAEH,1,3
Sequence_861_Pos_test,KKVLFKLKFK,1,3
Sequence_864_Pos_test,IIGPVLGLVGSALGGLLKKIG,1,3
Sequence_865_Pos_test,GLGSLLGSLFKFIPKLLPSIQQ,1,3
Sequence_866_Pos_test,GRGREFMSNLKEKLSGVKEKMKNS,1,3
Sequence_868_Pos_test,FLKGIVGMLGKLW,1,3
Sequence_869_Pos_test,TKCFQWQRNMRKVRGPPVSCIKR,1,3
Sequence_870_Pos_test,GWKSVFRKAKKVGKTVGGLALDHY,1,3
Sequence_871_Pos_test,FLPILGKLLSGI,1,3
Sequence_873_Pos_test,QSHLSLCRWCCNCCHNKGCGFCCKF,1,3
Sequence_874_Pos_test,VSWKKSLGKIIKVVK,1,3
Sequence_875_Pos_test,GILSGILGVGKKLVCGLSGLC,1,3
Sequence_876_Pos_test,KKRLKKIFKKPMVIGVTIPF,1,3
Sequence_877_Pos_test,RRWWCN,1,3
Sequence_878_Pos_test,GLADYWRTAFRANFANLGPGIRCKSARC,1,3
Sequence_879_Pos_test,ITCQQVTAELEPCVPYLTQGIP,1,3
Sequence_880_Pos_test,GKGRWLERIGKAGGIIIGGALDH,1,3
Sequence_881_Pos_test,KHVGKAALTHYL,1,3
Sequence_882_Pos_test,WGRAFRRLVRRLARGLRR,1,3
Sequence_884_Pos_test,KRIVKLILKWLR,1,3
Sequence_886_Pos_test,FLGALWEVAKSVF,1,3
Sequence_889_Pos_test,FAKKLAKKLKKLAKKLAK,1,3
Sequence_890_Pos_test,LFSLIPHAIGGLISAFK,1,3
Sequence_891_Pos_test,RFRPPIRRPPIRPPFRPPFRPPVR,1,3
Sequence_892_Pos_test,GLLGKLLKIAAKVGSNLL,1,3
Sequence_894_Pos_test,FLPIPRPILLGL,1,3
Sequence_895_Pos_test,KKLAKALKLPALLWLKLAKALKKA,1,3
Sequence_896_Pos_test,GKLQAFLAKMKEIAAQT,1,3
Sequence_897_Pos_test,ECKFTVKPYLKRFQVYYKGRMWCP,1,3
Sequence_902_Pos_test,RLYRKVYGRLYRKVYGK,1,3
Sequence_904_Pos_test,IVRPPIRCKAAFC,1,3
Sequence_905_Pos_test,CFALKKAMKKVR,1,3
Sequence_907_Pos_test,GWMSKIASGIGTFLSGVQQG,1,3
Sequence_908_Pos_test,KFKWWRMLI,1,3
Sequence_910_Pos_test,MKTFLRLYRSLINKVLH,1,3
Sequence_913_Pos_test,RIRRWKFRW,1,3
Sequence_914_Pos_test,LKWLKWG,1,3
Sequence_918_Pos_test,FLSLIPHIATGIAALAKHL,1,3
Sequence_920_Pos_test,FLPLAMALGKLL,1,3
Sequence_921_Pos_test,ARRARKWARRALKLA,1,3
Sequence_923_Pos_test,KLVKTQLKVLK,1,3
Sequence_925_Pos_test,CESCVWIPCISSVVGCSCKSKVCYKNGTLP,1,3
Sequence_926_Pos_test,NILSSIVNGINRALSFFG,1,3
Sequence_929_Pos_test,VIRTVVAGYNLYRAIKKK,1,3
Sequence_930_Pos_test,GIMDTVKNAAKNLAGQLLDKLK,1,3
Sequence_931_Pos_test,KGRGKQGGKVRAKAK,1,3
Sequence_932_Pos_test,SRWRWKSSKK,1,3
Sequence_933_Pos_test,FWGFLGKLAMKAVPSLIGGNKSSSK,1,3
Sequence_934_Pos_test,VVKFSYRKGSPAPQKN,1,3
Sequence_936_Pos_test,HQFRFRFRVRRK,1,3
Sequence_937_Pos_test,SMLSVLKNLGKVGLGFVKCKINKQC,1,3
Sequence_938_Pos_test,VKLYPKVKLYP,1,3
Sequence_939_Pos_test,RRRRRRRRR,1,3
Sequence_940_Pos_test,FLSLIPHIVSGVASLAKHF,1,3
Sequence_942_Pos_test,KKKVVFKVKFKK,1,3
Sequence_945_Pos_test,SIITMTKEAKLPQLGKQIACRLYNTC,1,3
Sequence_946_Pos_test,MCIKTTSGIHPKNIQ,1,3
Sequence_947_Pos_test,GFKMALKLLKKVL,1,3
Sequence_948_Pos_test,FPVTWGWWKWWKG,1,3
Sequence_949_Pos_test,GFVALLKKLPLILKHLP,1,3
Sequence_952_Pos_test,FLPLLGNLLNGLL,1,3
Sequence_953_Pos_test,ALWKNMLKGIGKLAGKAALGAVK,1,3
Sequence_954_Pos_test,KLILILSKTIPAIKNLFYKI,1,3
Sequence_955_Pos_test,WKLLSKAQEKFG,1,3
Sequence_956_Pos_test,CGESCVWIPCISSAIGCSCKNKVCYRNGIP,1,3
Sequence_957_Pos_test,LLSLVPHAINAVSAIAKHF,1,3
Sequence_958_Pos_test,KWCSRVCYRGICYRRCR,1,3
Sequence_959_Pos_test,SIITGTKEAKLGQLGKQIACRLGNTC,1,3
Sequence_960_Pos_test,ILGKLLKTAAGLLSNL,1,3
Sequence_961_Pos_test,AFTRRRSYSTEYSYGTTV,1,3
Sequence_962_Pos_test,KFFKKLKNSVKKRAKKFFKKPRVIGVSIPF,1,3
Sequence_963_Pos_test,FKCWRWQWRWKKLGA,1,3
Sequence_964_Pos_test,GSLHGFMYKYLKTLVLRLY,1,3
Sequence_965_Pos_test,KYYSRVRGGRSAVLSSLDK,1,3
Sequence_966_Pos_test,ALYKKFKKKLLKSLKRLG,1,3
Sequence_968_Pos_test,ARKKWFW,1,3
Sequence_969_Pos_test,MLKKFRGMF,1,3
Sequence_970_Pos_test,ILGKLLKTAAKLLSNL,1,3
Sequence_971_Pos_test,KEKLKLKCKAPKCYNDKLACT,1,3
Sequence_973_Pos_test,RRWWCW,1,3
Sequence_974_Pos_test,DDALHHLLHHLLHHL,1,3
Sequence_975_Pos_test,ELLKAVRLIK,1,3
Sequence_978_Pos_test,AFGMALKLLKKVL,1,3
Sequence_980_Pos_test,LNLKKILGKIGVMLSHLN,1,3
Sequence_981_Pos_test,SMLSVLKNLGKVGLGFVA,1,3
Sequence_983_Pos_test,FLPLIGAVLSGIL,1,3
Sequence_984_Pos_test,LLKKLLKKLLKK,1,3
Sequence_985_Pos_test,VKLYVYPLKVKLYP,1,3
Sequence_986_Pos_test,GIGSAILSAGKSIIKGLAKGLAEHF,1,3
Sequence_987_Pos_test,ALWKNMLKGIGKLAGKAALG,1,3
Sequence_989_Pos_test,LNWGAILKHKIK,1,3
Sequence_990_Pos_test,ATTCVC,1,3
Sequence_991_Pos_test,RLLRPLLQLLKQKLR,1,3
Sequence_992_Pos_test,GFRDVLKGAAKQFVKTVAGHIANI,1,3
Sequence_994_Pos_test,KLLLKLLLKLLK,1,3
Sequence_995_Pos_test,KWCFRVCYAGICYRRCA,1,3
Sequence_996_Pos_test,GKKLFVNVLDKIRCKVAGGC,1,3
Sequence_998_Pos_test,SWIKKDKFPSSTGPYNPNPPPPRF,1,3
Sequence_999_Pos_test,HFLGTLVNLAKKI,1,3
Sequence_1000_Pos_test,FLGAIAGVAAKFLPKVFCFITKKC,1,3
Sequence_1001_Pos_test,PFKISIH,1,3
Sequence_1002_Pos_test,LPMLAGLAANFLPKIVCKITKKC,1,3
Sequence_1003_Pos_test,KWAFRVAYRGIAYRRAR,1,3
Sequence_1004_Pos_test,CGETCLFIPCLTSVFGCSCKNRGCYKI,1,3
Sequence_1005_Pos_test,FLFSLIPHAIGGLISAFK,1,3
Sequence_1006_Pos_test,RIWVIRWR,1,3
Sequence_1008_Pos_test,RIKRFWPVVIRTVVAGYNL,1,3
Sequence_1010_Pos_test,GRGKQGGKVRAKAKTRSS,1,3
Sequence_1011_Pos_test,FLKALWNVAKSVF,1,3
Sequence_1014_Pos_test,CGESCVFIPCLTSAIDCSCKSKVCYRNGIP,1,3
Sequence_1015_Pos_test,RKWLFW,1,3
Sequence_1017_Pos_test,ACYCRIPACLAGERRYGTCIYQGRLWAFCC,1,3
Sequence_1019_Pos_test,RAGLQWPIGRLLRRLLRRLLR,1,3
Sequence_1020_Pos_test,LIRGLFKSFWQVF,1,3
Sequence_1021_Pos_test,CAETCIYIPCFTEAVGCKCKDKVCYKN,1,3
Sequence_1022_Pos_test,GLLSGILGAGKKIVF,1,3
Sequence_1024_Pos_test,RWRWRW,1,3
Sequence_1025_Pos_test,GLLSGILGAGKKIV,1,3
Sequence_1026_Pos_test,RLWKRWWIR,1,3
Sequence_1030_Pos_test,ADMDFTGIAESIIKKIKETNAKPPA,1,3
Sequence_1031_Pos_test,FFSMIPKIAGGIASLVKNL,1,3
Sequence_1033_Pos_test,LRPAVIRPKGK,1,3
Sequence_1034_Pos_test,VRLRIRVA,1,3
Sequence_1036_Pos_test,WKIVFWWRR,1,3
Sequence_1037_Pos_test,PRLKVYLPRYKVYSTAAGRYQLLSRYW,1,3
Sequence_1038_Pos_test,GLASTIGSLLGKFAKGGAQAFLQPK,1,3
Sequence_1040_Pos_test,KEFKRIVQRIKDFLRNLV,1,3
Sequence_1041_Pos_test,LKLFKKILKVL,1,3
Sequence_1042_Pos_test,RRRFPWVCWPFLRRR,1,3
Sequence_1044_Pos_test,VKRFKKFFRKLKKSV,1,3
Sequence_1045_Pos_test,FLPLIGRVLAGIL,1,3
Sequence_1046_Pos_test,SPRRRRSQSPRRRR,1,3
Sequence_1047_Pos_test,GIGGALLNVGKVALKGLAKGLAEHFAN,1,3
Sequence_1048_Pos_test,AKKVFKRLGIGAVLKVLTWG,1,3
Sequence_1049_Pos_test,GMWSKLLGHLLR,1,3
Sequence_1050_Pos_test,GRFRRLRKKTRKRLKKIGKV,1,3
Sequence_1051_Pos_test,IKKILSKIKKLL,1,3
Sequence_1052_Pos_test,FLPGLIKAAVGIGSTIFCKISRKC,1,3
Sequence_1054_Pos_test,FLKGIVGKLGKLF,1,3
Sequence_1055_Pos_test,RRWWCF,1,3
Sequence_1056_Pos_test,KFKLKSLKIIEYKQ,1,3
Sequence_1057_Pos_test,VLVPQGFAVVKKANFVAFYT,1,3
Sequence_1058_Pos_test,LKVVFKVLFK,1,3
Sequence_1060_Pos_test,LVKLVAGIKKFLKWK,1,3
Sequence_1061_Pos_test,GLKALKKVFKGIHKAIKLINNHVQ,1,3
Sequence_1062_Pos_test,VKLFVYPLKVKLYP,1,3
Sequence_1063_Pos_test,YCNGKRVCVCR,1,3
Sequence_1067_Pos_test,RVVRQWPIGRVVRRVVRRVVR,1,3
Sequence_1069_Pos_test,IFGLLLHGAIHVGKLIHGLVRRH,1,3
Sequence_1071_Pos_test,LNALKKVFQKIHEAIKLI,1,3
Sequence_1072_Pos_test,TCTLGTCYTAGCSCSWPVCTRNGVPICGE,1,3
Sequence_1074_Pos_test,KIWWWWRKR,1,3
Sequence_1076_Pos_test,ISGPVLGLVGNALGGLIKKI,1,3
Sequence_1078_Pos_test,WLNALKKVFQGIHEAIKLIWNWVQ,1,3
Sequence_1079_Pos_test,PRPRPRPLPFPRPG,1,3
Sequence_1081_Pos_test,GIGGALLSFGKSALKGLAKGLAEHF,1,3
Sequence_1085_Pos_test,RSMRLSFRARGYGFR,1,3
Sequence_1086_Pos_test,ELCCDRIGCYTARCRKKRSCCL,1,3
Sequence_1087_Pos_test,FALALKALKKLLKKLKKLAKKAL,1,3
Sequence_1089_Pos_test,FPWWWPF,1,3
Sequence_1090_Pos_test,FFSLIPKLVKGLISAFK,1,3
Sequence_1092_Pos_test,FLAKAVAKAAAKALAKAL,1,3
Sequence_1093_Pos_test,DYSIRTRLHQESSRNVF,1,3
Sequence_1095_Pos_test,VKLKVFPLKVKLFP,1,3
Sequence_1096_Pos_test,FLPVIAGIAANVLPKLFCKLTKRC,1,3
Sequence_1099_Pos_test,GLLSGILGAGKKIVCGLSGLC,1,3
Sequence_1100_Pos_test,FLPLVLGALSGILPKI,1,3
Sequence_1103_Pos_test,GIPCAESCVYIPCTITALLGCKCQDKVCYD,1,3
Sequence_1104_Pos_test,VKLLVYPLKVKLYP,1,3
Sequence_1106_Pos_test,ILGIITSLLKS,1,3
Sequence_1107_Pos_test,YRLRVKWKW,1,3
Sequence_1108_Pos_test,GIGKYLHSAKKFGKAWVGEIMNS,1,3
Sequence_1109_Pos_test,CAETCVVLPCFIVPGCSCKSSVCYFN,1,3
Sequence_1110_Pos_test,DVIVVGAGIMGSSAAYQLAKRGQKTLL,1,3
Sequence_1111_Pos_test,EKYTEAPEYI,1,3
Sequence_1112_Pos_test,LKWLKKL,1,3
Sequence_1115_Pos_test,GKWMSLLKHWLK,1,3
Sequence_1116_Pos_test,FLGALWKVAKSVF,1,3
Sequence_1119_Pos_test,LGGIVSAVKKIVDFLG,1,3
Sequence_1120_Pos_test,GLAKGIKEAAKALDKAL,1,3
Sequence_1121_Pos_test,RIKRFWPVVIRT,1,3
Sequence_1122_Pos_test,GKWMSLWKHILK,1,3
Sequence_1123_Pos_test,GVFDIIKGAGKQLIAHAMGKIAEKV,1,3
Sequence_1124_Pos_test,KLIPIASKTCPAGKNLCYKI,1,3
Sequence_1125_Pos_test,LNWGKILKHIIK,1,3
Sequence_1127_Pos_test,GLWKSLLKNVGKAAGKAALNAVTDMVNQ,1,3
Sequence_1128_Pos_test,SRWPSPGRPRPFPG,1,3
Sequence_1129_Pos_test,NIQPPCRCC,1,3
Sequence_1130_Pos_test,RARFEELNMDLFRR,1,3
Sequence_1131_Pos_test,ALHKTMLKKLGTMAL,1,3
Sequence_1132_Pos_test,ADDRNPLEECFRETDYEEFLEIAKNGLSTT,1,3
Sequence_1133_Pos_test,GLWSTIKNVGKEAAIAAGKAALGALGEQ,1,3
Sequence_1134_Pos_test,ILGPVLGLVGNALGGLIKK,1,3
Sequence_1136_Pos_test,RKKTRKRLKKIGKVLKWI,1,3
Sequence_1138_Pos_test,GVIIDTLKGAAKTVAAELLRKAHCKLTNSC,1,3
Sequence_1139_Pos_test,GILSSWLKKLKKIIAK,1,3
Sequence_1140_Pos_test,LNALKKVFQKIHEAIKKI,1,3
Sequence_1141_Pos_test,VIVKAIATLSKKLL,1,3
Sequence_1142_Pos_test,FFGTKGIFSKVEPIFCKISHSC,1,3
Sequence_1145_Pos_test,ILGPVIGTIGNVLGGLLKNL,1,3
Sequence_1147_Pos_test,KRAKKFFKKLK,1,3
Sequence_1148_Pos_test,FLSLIPKIAGGIASLVKDL,1,3
Sequence_1149_Pos_test,AKKVFKRLEKLFSKIQNWK,1,3
Sequence_1151_Pos_test,CPAIQRCC,1,3
Sequence_1152_Pos_test,GIFSKLAGKKIKNLLISGLKG,1,3
Sequence_1153_Pos_test,GYPWWDYRDLFGGHTFI,1,3
Sequence_1154_Pos_test,TSRCYIGYRRKWCS,1,3
Sequence_1156_Pos_test,KKLKKFKKLQ,1,3
Sequence_1158_Pos_test,GRFKRFRKKFKKLFKKLS,1,3
Sequence_1159_Pos_test,LKIAKGIIKSL,1,3
Sequence_1160_Pos_test,FLPVIASVAAKVLPKVFCFITKKC,1,3
Sequence_1161_Pos_test,LRPAILVRTK,1,3
Sequence_1162_Pos_test,KLWKLFKKIGIGAVLKVLTTGLPALKLTK,1,3
Sequence_1163_Pos_test,AVWKDFLKNIGKAAGKAVLNSVTDMVNE,1,3
Sequence_1165_Pos_test,RRIIRKIIHII,1,3
Sequence_1166_Pos_test,IPHAVKAISDLI,1,3
Sequence_1167_Pos_test,GLNALKKVSQGIHESIKLINNHVQ,1,3
Sequence_1169_Pos_test,RRWQWR,1,3
Sequence_1170_Pos_test,GLPVCGETCFGGTCNTPGCACDPWPVCTRD,1,3
Sequence_1171_Pos_test,KKLKLAPAKLALLWKALALKLKKA,1,3
Sequence_1172_Pos_test,AKRHHGYKRKFH,1,3
Sequence_1175_Pos_test,SIFPAIVSFLSKFL,1,3
Sequence_1179_Pos_test,INWLKLGKMVIDAL,1,3
Sequence_1180_Pos_test,KVAKQEKKKKKTGRAKRR,1,3
Sequence_1182_Pos_test,YKLLKKLLKKLKKLLKKL,1,3
Sequence_1183_Pos_test,CGETCVTGTCYTPGCACDWPVCKRD,1,3
Sequence_1184_Pos_test,RKWKIKWYW,1,3
Sequence_1186_Pos_test,VKLVKYPKLKVKLYP,1,3
Sequence_1187_Pos_test,GLLFKELQKLIRYQIFIGK,1,3
Sequence_1188_Pos_test,CGETCVGGTCNTPGCACSWPVCTRNGLPV,1,3
Sequence_1191_Pos_test,LCYTRPRFTVCV,1,3
Sequence_1192_Pos_test,SSMKLSFRARAYGFRGPGPQ,1,3
Sequence_1193_Pos_test,FLPKLFAGIISKNF,1,3
Sequence_1194_Pos_test,KKVVFKVKFK,1,3
Sequence_1195_Pos_test,ILAWKWAWWAWRR,1,3
Sequence_1197_Pos_test,GIMDTIKNTAKTVAVGLLDKIKCKITGC,1,3
Sequence_1198_Pos_test,LLDVLLE,1,3
Sequence_1200_Pos_test,LNWGAILKHIKK,1,3
Sequence_1202_Pos_test,FLPFLLSALPKVFCFFSKKC,1,3
Sequence_1204_Pos_test,KRGFLDVVKHIGKAALGAVTHLINQGEQ,1,3
Sequence_1205_Pos_test,GKWWSLLKHILK,1,3
Sequence_1206_Pos_test,RGGCLCYCRRRFCVCVCR,1,3
Sequence_1207_Pos_test,TKCFQWQRNMRKVRGPPVSCIKRDS,1,3
Sequence_1208_Pos_test,GVFDIIKDAGKQLVAHAMGKIAEKV,1,3
Sequence_1210_Pos_test,VRLRIRVRVIRK,1,3
Sequence_1211_Pos_test,AVNIPFKVHLRCKAAFC,1,3
Sequence_1212_Pos_test,RCYCRRRFCVCR,1,3
Sequence_1213_Pos_test,LRRWIRIRW,1,3
Sequence_1214_Pos_test,GLWTTIKEGLKKFSLGVLDKIRCKIAGGC,1,3
Sequence_1216_Pos_test,CFQWQRRMRKVR,1,3
Sequence_1217_Pos_test,ALWKNMLKGI,1,3
Sequence_1220_Pos_test,RAYCRRRFCVAR,1,3
Sequence_1221_Pos_test,DGRGKQGGKVRAKAKTRSS,1,3
Sequence_1222_Pos_test,RGRKYYRRKK,1,3
Sequence_1223_Pos_test,CGETCFGGTCNTPGCICDPWPVCTRNGLPV,1,3
Sequence_1224_Pos_test,YPELQQDLIARL,1,3
Sequence_1225_Pos_test,ALWKTLLKGAGKVFGHVAKQFLGSQGQPES,1,3
Sequence_1226_Pos_test,GLWSKIKEAAKTAGKAAMGFVNEMV,1,3
Sequence_1227_Pos_test,RCVCTRGFC,1,3
Sequence_1228_Pos_test,VGTDFSGNDDISDVQK,1,3
Sequence_1230_Pos_test,KKKKWKLFKKIGIGKFL,1,3
Sequence_1231_Pos_test,LLIRAAKKFIKK,1,3
Sequence_1233_Pos_test,DLYPWFN,1,3
Sequence_1234_Pos_test,KRRWPWWPWRLI,1,3
Sequence_1235_Pos_test,WFRKQLKW,1,3
Sequence_1236_Pos_test,FIKWKFRWWKWRK,1,3
Sequence_1239_Pos_test,HFLGTLVNLAKKIK,1,3
Sequence_1240_Pos_test,FKRLEKLFSKIWNWK,1,3
Sequence_1241_Pos_test,GWLDVAKKKGKAAFNVAKNFI,1,3
Sequence_1242_Pos_test,ATYRTGRATRESLSGVEISGRLYRLR,1,3
Sequence_1243_Pos_test,ALWKEVLKNAGKAALNEINNLVQ,1,3
Sequence_1245_Pos_test,VGKVLKQLKKVSAVAKVAMKKGAALLK,1,3
Sequence_1247_Pos_test,AARRAARRAARR,1,3
Sequence_1249_Pos_test,VKLNVYPLKVKLYP,1,3
Sequence_1250_Pos_test,LRHKVYGYCVLGP,1,3
Sequence_1251_Pos_test,FLSLIPTAINAVSALAKHF,1,3
Sequence_1252_Pos_test,CGYRHGRLNCGRG,1,3
Sequence_1253_Pos_test,RPKPQQWFWLM,1,3
Sequence_1254_Pos_test,GSLHGFMYKYLKNMVLTLF,1,3
Sequence_1256_Pos_test,RLYRKVYG,1,3
Sequence_1257_Pos_test,SRWPSPGRPRPFPGRPKPIF,1,3
Sequence_1258_Pos_test,IDWKKVDWKKVSKKTCKVMLKACKFL,1,3
Sequence_1259_Pos_test,EATKCFQWQRNMRKVRGPPVSCIKR,1,3
Sequence_1260_Pos_test,GIMDSIKGLGKNLAGQLLDKLKCKITGC,1,3
Sequence_1261_Pos_test,WGRAFSAGVHRLANGGNG,1,3
Sequence_1262_Pos_test,LNKGAILKHIIK,1,3
Sequence_1265_Pos_test,SIFAFQDESPSAIAQAKLFK,1,3
Sequence_1267_Pos_test,KFFRKLKKSVKKRAK,1,3
Sequence_1268_Pos_test,CGETCIYIPCFTEAVGCKCKDKVCYKN,1,3
Sequence_1270_Pos_test,ILRWPWWPWRRK,1,3
Sequence_1273_Pos_test,GLPVCGETCVGGTCNTPGCSCSRPVCTAN,1,3
Sequence_1274_Pos_test,LNLKGLIKKVASLLN,1,3
Sequence_1275_Pos_test,FLGMIPKLIKKLIKAFK,1,3
Sequence_1276_Pos_test,LKKLKGRVSRSFLFFVKLRPAKRTLKKRIL,1,3
Sequence_1279_Pos_test,FLPILASLAAKFGPKLFSLVTKKS,1,3
Sequence_1280_Pos_test,SMLSVLKNLEKVELEFVACKINKQC,1,3
Sequence_1282_Pos_test,FLPIIGKLLSG,1,3
Sequence_1283_Pos_test,RIKKIVQKKLAGDES,1,3
Sequence_1284_Pos_test,WPVVIRTVVAGYNLYRAIKKK,1,3
Sequence_1286_Pos_test,GMASKAGTIAGKIAKTAIKLAL,1,3
Sequence_1287_Pos_test,WKLFKKILKWL,1,3
Sequence_1289_Pos_test,HKVVFKVKFH,1,3
Sequence_1292_Pos_test,IWLTALKFLGKHAAKHLAKQQLSK,1,3
Sequence_1293_Pos_test,LKLKLYPLKLKLYP,1,3
Sequence_1294_Pos_test,GIKEFAHSLGKFGKAFVGGILNQ,1,3
Sequence_1295_Pos_test,ALWKSLLKNVGKA,1,3
Sequence_1296_Pos_test,GIKHILFMAKTKLPRATCTAEIKENCDRKK,1,3
Sequence_1297_Pos_test,FRRFRKWFRRFLKLF,1,3
Sequence_1298_Pos_test,LRRIIRKIIHIIKK,1,3
Sequence_1300_Pos_test,RRWYRWWR,1,3
Sequence_1301_Pos_test,KWKKFIKKIGIGAVLKVLTTGLPALKLTKK,1,3
Sequence_1305_Pos_test,KLIPILSKTIPAIKNLFYKI,1,3
Sequence_1307_Pos_test,QYRPGSFGPLNQK,1,3
Sequence_1309_Pos_test,KNWKAILKHIIK,1,3
Sequence_1310_Pos_test,FLPIVENCSLVCWENNQKC,1,3
Sequence_1311_Pos_test,GFRDVLKGAAKEFVKTVAGHIAN,1,3
Sequence_1312_Pos_test,LFGMALKLLKKVL,1,3
Sequence_1314_Pos_test,KLKKLLKKLLKL,1,3
Sequence_1315_Pos_test,LRALAKALKHKL,1,3
Sequence_1316_Pos_test,FASGIAGMAGKLF,1,3
Sequence_1317_Pos_test,KNLRRIIRKIIHIIKKYG,1,3
Sequence_1319_Pos_test,GIPCGESCVWIPCLTSAVGCPCKSKVCYRN,1,3
Sequence_1320_Pos_test,RGRGKQGGKVRAKAKTRSS,1,3
Sequence_1322_Pos_test,DDPDKGMLKWKNDFFQEF,1,3
Sequence_1324_Pos_test,GKPRPYTPRPTSHPRPIRV,1,3
Sequence_1325_Pos_test,DDALRRLLRRLLRRL,1,3
Sequence_1327_Pos_test,PLPFPRPGPRPIPRPLPFPRPGPRPIPRP,1,3
Sequence_1328_Pos_test,KRKLIFLAAFLAALALFKKR,1,3
Sequence_1330_Pos_test,GEKLKKIGQKIKKFFQKL,1,3
Sequence_1331_Pos_test,GMASKAGAIAGKIAKVALKA,1,3
Sequence_1332_Pos_test,EKYTEIPEYV,1,3
Sequence_1333_Pos_test,FLIIRRPIVLGLL,1,3
Sequence_1335_Pos_test,FLEGLLNTVTGLL,1,3
Sequence_1338_Pos_test,GILDTLKQFAKGVGKDLVKGAAQGVL,1,3
Sequence_1339_Pos_test,AWKVFKRLGIGAVLWVLTWG,1,3
Sequence_1341_Pos_test,DAAVEPELYHWGKVWLPN,1,3
Sequence_1342_Pos_test,KAACAAHCLWR,1,3
Sequence_1344_Pos_test,GILKSLLKKLKKIIAK,1,3
Sequence_1347_Pos_test,FKRLKKLFSKIWNWK,1,3
Sequence_1348_Pos_test,RNGCIVDPRCPYQQCRRPLYCRRR,1,3
Sequence_1351_Pos_test,AVVKVPLKKFKSIRETMKEKGLLEDF,1,3
Sequence_1352_Pos_test,GILNTIKSIASKLKRKAK,1,3
Sequence_1353_Pos_test,RQIKIWFQNRRMKWKK,1,3
Sequence_1356_Pos_test,RWCVYAYVRVAGVLVRYRRCW,1,3
Sequence_1357_Pos_test,CGETCVGGTCNTPGCTCSKNKCTRNGLPV,1,3
Sequence_1359_Pos_test,DDGDKGMLKWKNDFFQEF,1,3
Sequence_1360_Pos_test,GRKKRRQRRRGGWMWVTNLRTD,1,3
Sequence_1361_Pos_test,VKRWKKWWRKLKKSV,1,3
Sequence_1362_Pos_test,NLKAIAALAKKLL,1,3
Sequence_1363_Pos_test,KFFARLLASVRAAVKKFRKKPRLIGLSTLL,1,3
Sequence_1364_Pos_test,KWKWKW,1,3
Sequence_1365_Pos_test,WGEAFSAGVHRLANGGNG,1,3
Sequence_1366_Pos_test,GILMDTFKGAAKNVAGFLLDKLKCKISGGC,1,3
Sequence_1367_Pos_test,ILSAIWSGIKGLL,1,3
Sequence_1368_Pos_test,FDLLGLVKSVVSAL,1,3
Sequence_1369_Pos_test,AAIYPFGIKIRCKAAFC,1,3
Sequence_1370_Pos_test,WRWFIH,1,3
Sequence_1371_Pos_test,HFLGTKVNLAKKIL,1,3
Sequence_1374_Pos_test,RWKKWWRWL,1,3
Sequence_1375_Pos_test,QRKKWFW,1,3
Sequence_1376_Pos_test,AKKVFKRLEKLFSKI,1,3
Sequence_1378_Pos_test,IWSFLIKAATKLLPSLFGGGKKDS,1,3
Sequence_1380_Pos_test,GFKDWIKGAAKKLIKTVASSIANE,1,3
Sequence_1381_Pos_test,KWKSFIKKLTTAVKKVLTTGLPALIS,1,3
Sequence_1382_Pos_test,RRWWCP,1,3
Sequence_1383_Pos_test,KIAKVALKALKIAKVALKAL,1,3
Sequence_1384_Pos_test,FLSLLPSLVSGAVSLVKKL,1,3
Sequence_1385_Pos_test,SIITMTKEAKLPQLWKQIACRLGNTC,1,3
Sequence_1386_Pos_test,VVAGYNLYRAIKKK,1,3
Sequence_1392_Pos_test,KGIVGMLGKLF,1,3
Sequence_1393_Pos_test,GKWLSLLKHILK,1,3
Sequence_1394_Pos_test,RVVRQWPIGRVVRRVVRRVVRF,1,3
Sequence_1395_Pos_test,GFWGKLWEGVKNAIKKK,1,3
Sequence_1397_Pos_test,GWLDVAKKIGKAAFNVAKNFI,1,3
Sequence_1398_Pos_test,FLPMLAGLAANFLPKIICKITKKC,1,3
Sequence_1400_Pos_test,LLGMIPVAIKAISALSKL,1,3
Sequence_1402_Pos_test,DDALKKLLKKLLKKL,1,3
Sequence_1403_Pos_test,VNWKKILKKIIKVVK,1,3
Sequence_1404_Pos_test,ILPILGNLLNSL,1,3
Sequence_1405_Pos_test,ILGPVISKIGGVLGGLLKN,1,3
Sequence_1407_Pos_test,GAPKGCWTKSYPPQPCS,1,3
Sequence_1408_Pos_test,AELRCMCIKTTSGIH,1,3
Sequence_1409_Pos_test,SVFAFENEQSSTIAPARLYK,1,3
Sequence_1412_Pos_test,IKLSKETKKNLKKVLKGAIKGAIAVAKMV,1,3
Sequence_1413_Pos_test,KWCGRVCYRGICYRRCR,1,3
Sequence_1414_Pos_test,IKLSKETKDNLKKVLKGAIKGAIAVAKMV,1,3
Sequence_1415_Pos_test,AGYNLYRAIKKK,1,3
Sequence_1416_Pos_test,INLKILARLAKKIL,1,3
Sequence_1418_Pos_test,GLLKFIKWLL,1,3
Sequence_1420_Pos_test,CWTKSIPPKPG,1,3
Sequence_1421_Pos_test,CGNFLKRTCICVKK,1,3
Sequence_1423_Pos_test,GFKEVLKADLGSLVKGIAAHVAN,1,3
Sequence_1426_Pos_test,KWCFRVCARGICYRRCR,1,3
Sequence_1427_Pos_test,CGETCVGGTCNTPGCTCSWDKCTRNGLPV,1,3
Sequence_1428_Pos_test,RCICTTRTCRFPYRRLGTCIFQNRVYTFCC,1,3
